index,file name,movie name,ch,location in ch (min/frames),length,AR (approx),size,genre (IMDB),genre category,# cuts,faces (0-5),human figures (0-5),nature (0-5),man-made objects (0-5),environment,light (0-5),light category,aud. Info,possible question,possible answers,content elements
,STEPF_3a,The Stepfather,3,00:33.03/792-01:03.05/1511,30.01s,21x9,853x360,mystery/thriller,a demo (drama/other),5,1,3,0,2,indoor,2,low,4,,,
,APPAL_7a,Appaloosa,7,00:01.70/41-00:31.73/761,30.03s,21x9,853x360,action/crime/drama (Western?),a demo (drama/other),5,1,4,3,0,outdoor,5,high,3,its hard to tell which characters are speaking; not sure how to get at this in a question; also everyone's attention is focused on the marshall,,
,STARD_2b,Stardust,2,04:05.52/5886-04:35.57/6607,30.04s,21x9,853x356,adventure/comedy/family (fantasy?),a demo (drama/other),0,1,3,3,2,outdoor,1,low,3,describe what the characters are doing,"candlelight picnic, candles on branches, champagne, bread, cake, ",
1,Cloud_13a,Cloudy with a Chance of Meatballs,13,00:48.36/1160-01:18.38/1880,30.01s,16x9 (may be 1.77:1 to 1.85:1),853x480,animation/comedy/family,cartoon/animation,4,3,3,2,1,outdoor,4,high,3,describe the man's expressions and body language at the beginning of the clip,,
2,Cloud_17a,Cloudy with a Chance of Meatballs,17,00:00.00/0-00:30.02/720,30.02s,16x9 (may be 1.77:1 to 1.85:1),853x480,animation/comedy/family,cartoon/animation,8,1,4,0,4,outdoor,4,high,3,describe the mayor,"extremely obese, white shirt, grey/blue jacket bursting at the seams, striped tie, electric scooter, light brown hair",
3,Cloud_17b,Cloudy with a Chance of Meatballs,17,00:41.03/984-01:11.05/1703,30.01s,16x9 (may be 1.77:1 to 1.85:1),853x480,animation/comedy/family,cartoon/animation,8,3,2,0,3,outdoor,3,medium,4,"how does the woman react when the man says ""and just say the weather or something""?","shocked, hurt, upset",
4,Cloud_20a,Cloudy with a Chance of Meatballs,20,00:00.00/00-00:30.01/719,30.01s,16x9 (may be 1.77:1 to 1.85:1),853x480,animation/comedy/family,cartoon/animation,3,4,3,0,3,indoor,4,high,3,,,
5,Cloud_24a,Cloudy with a Chance of Meatballs,24,01:26.79/2076-1:56.79/2794,29.99s,16x9 (may be 1.77:1 to 1.85:1),853x480,animation/comedy/family,cartoon/animation,6,0,2,2,2,outdoor,3,medium,1,,,
6,Cloud_3a,Cloudy with a Chance of Meatballs,3,00:34.46/823-01:04.46/1540,30.00s,16x9 (may be 1.77:1 to 1.85:1),853x480,animation/comedy/family,cartoon/animation,6,2,3,0,4,in/outdoor,2,low,3,,,
7,Cloud_6a,Cloudy with a Chance of Meatballs,6,00:31.72/758-1:01.73/1475,30.01s,16x9 (may be 1.77:1 to 1.85:1),853x480,animation/comedy/family,cartoon/animation,8,0,3,0,2,outdoor,4,high,2,,,
8,Cloud_9a,Cloudy with a Chance of Meatballs,9,00:03.10/74-00:33.11/790,30.00s,16x9 (may be 1.77:1 to 1.85:1),853x480,animation/comedy/family,cartoon/animation,1,3,3,0,3,indoor,2,low,4,,,
9,CORAL_11a,Coraline,11,00:32.68/783-01:02.65/1501,30.01s,16x9 (may be 1.77:1 to 1.85:1),853x460,animation/adventure/family,cartoon/animation,6,4,4,0,2,indoor,3,medium,3,how does the girl react to what is in the box/describe the parents,,
10,CORAL_14a,Coraline,14,00:00.00/0-30.02/720,30.02s,16x9 (may be 1.77:1 to 1.85:1),853x460,animation/adventure/family,cartoon/animation,4,1,3,0,4,indoor,2,low,2,,,
11,CORAL_17a,Coraline,17,00:00.00/00-00:30.00/719,30.00s,16x9 (may be 1.77:1 to 1.85:1),853x460,animation/adventure/family,cartoon/animation,7,2,3,2,2,outdoor,2,low,1,,,
12,CORAL_5a,Coraline,5,00:02.22/53-00:32.23/773,30.01s,16x9 (may be 1.77:1 to 1.85:1),853x460,animation/adventure/family,cartoon/animation,8,3,3,2,2,outdoor,3,medium,2,describe the girl,"yellow raincoat, rainboots, black chin-length hair, freckles, barette",
13,CORAL_5b,Coraline,5,01:25.38/2047-01:55.40/2767,30.01s,16x9 (may be 1.77:1 to 1.85:1),853x460,animation/adventure/family,cartoon/animation,8,2,4,1,1,outdoor,3,medium,3,describe the man's physical appearance,"acrobat/flexible, skinny arms and legs, boots, fat belly, handlebar mustache, yellow tanktop, black shorts, grey skin, hair on chest and shoulders",
14,CORAL_8a,Coraline,8,00:31.93/765-01:01.94/1485,30.01s,16x9 (may be 1.77:1 to 1.85:1),853x460,animation/adventure/family,cartoon/animation,7,2,4,0,4,indoor,3,medium,2,,,
15,MULAN_11a,Mulan,11,00:27.89/669-00:57.90/1388,30.01s,non-standard (1.68:1),806x480,animation/adventure/drama,cartoon/animation,7,4,4,0,1,outdoor,2,low,2,,,
16,MULAN_15a,Mulan,15,00:19.88/475-00:49.89/1193,30.01s,non-standard (1.68:1),806x480,animation/adventure/drama,cartoon/animation,6,1,2,0,2,outdoor,3,medium,3,,,
17,MULAN_19a,Mulan,19,00:12.66/301-00:42.66/1013,29.99s,non-standard (1.68:1),806x480,animation/adventure/drama,cartoon/animation,8,2,2,3,2,outdoor,1,low,3,,,
18,MULAN_3a,Mulan,3,00:17.53/420-00:47.53/1140,29.99s,non-standard (1.68:1),806x480,animation/adventure/drama,cartoon/animation,7,1,2,2,2,in/outdoor,3,medium,2,,,
19,MULAN_7a,Mulan,7,00:01.87/45-00:31.87/764,29.99s,non-standard (1.68:1),806x480,animation/adventure/drama,cartoon/animation,7,2,4,1,2,outdoor,3,medium,3,,,
20,GERIS_a,Pixar Short Films Collection,Geri's Game (Title 7),00:57.30/1374-01:27.33/2094,30.03s,non-standard (1.66:1),796x468,animation/short/family,cartoon/animation,6,2,4,2,3,outdoor,4,high,0,,,
21,LIFTE_a,Pixar Short Films Collection,Lifted (title 39),00:36.78/882-01:06.80/1602,30.01s,16x9 (may be 1.77:1 to 1.85:1),853x468,animation/short/family,cartoon/animation,6,1,2,2,4,in/outdoor,2,low,0,describe what happened in this scene,,
22,SHREK_10a,Shrek Forever After,10,00:50.76/1217-01:20.78/1936,30.01s,21x9,853x368,animation/adventure/comedy,cartoon/animation,3,2,2?,0,3,indoor,2,low,4,,,
23,SHREK_10b,Shrek Forever After,10,01:34.53/2266-02:04.56/2986,30.00s,21x9,853x368,animation/adventure/comedy,cartoon/animation,8,4,3?,0,1,indoor,2,low,4,how does the female ogre react?,,
24,SHREK_13b,Shrek Forever After,13,00:54.93/1317-1:24.93/2036,29.99s,21x9,853x368,animation/adventure/comedy,cartoon/animation,4,3,3?,2,2,outdoor,1,low,3,describe what the female ogre is wearing,"armor (shoulders, wrists, spiked), necklace, bag of weapons on back",
25,SHREK_15a,Shrek Forever After,15,03:13.39/4636-03:43.40/5356,30.01s,21x9,853x368,animation/adventure/comedy,cartoon/animation,7,3,4?,0,2,indoor,2,low,3,,,
26,SHREK_15b,Shrek Forever After,15,01:48.12/2592-02:18.15/3312,30.03s,21x9,853x368,animation/adventure/comedy,cartoon/animation,6,2,3?,0,0,outdoor,1,low,4,describe the animals the green ogre is talking to,"donkey, grey, orange cat with pink ribbon",
27,SHREK_3a,Shrek Forever After,3,00:02.50/60-00:32.51/779,30.01s,21x9,853x368,animation/adventure/comedy,cartoon/animation,4,2,4?,3,1,outdoor,4,high,0,describe the character who is sitting last,"shrek, large pack, father, unhappy",
28,SHREK_3b,Shrek Forever After,3,04:10.56/6006-04:40.58/6725,30.01s,21x9,853x368,animation/adventure/comedy,cartoon/animation,7,3,3?,1,0,outdoor,3,medium,3,,,
29,SHREK_5a,Shrek Forever After,5,01:48.00/2589-02:18.02/3308,30.01s,21x9,853x368,animation/adventure/comedy,cartoon/animation,8,3,1?,3,1,outdoor,4,high,2,how were the posters different from one another?,,
30,SHREK_5b,Shrek Forever After,5,02:18.03/3309-02:48.03/4028,29.99s,21x9,853x368,animation/adventure/comedy,cartoon/animation,4,2,2?,3,0,outdoor,4,high,2,what does the ogre see?,,
31,SHREK_8a,Shrek Forever After,8,00:00.00/1-00:30.03/720,30.03s,21x9,853x368,animation/adventure/comedy,cartoon/animation,5,4,5?,1,5,outdoor,2,low,3,,,
32,SIMPS_11a,the Simpsons MOVIE,11,00:36.66/878-01:06.68/1597,30.01s,21x9,851x354,animation/adventure/comedy,cartoon/animation,8,2,3,2,3,outdoor,3,medium,1,,,
33,SIMPS_14a,the Simpsons MOVIE,14,00:47.35/1135-01:17.39/1855,30.04s,21x9,851x354,animation/adventure/comedy,cartoon/animation,6,3,3,0,4,indoor,3,medium,2,,,
34,SIMPS_17a,the Simpsons MOVIE,17,01:02.90/1508-01:32.91/2227,30.01s,21x9,851x354,animation/adventure/comedy,cartoon/animation,5,2,3,0,3,indoor,4,high,3,,,
35,SIMPS_19a,the Simpsons MOVIE,19,00:59.67/1431-01:29.70/2151,30.02s,21x9,851x354,animation/adventure/comedy,cartoon/animation,1,0,2,3,0,outdoor,3,medium,1,,,
36,SIMPS_22a,the Simpsons MOVIE,22,00:01.93/46-00:31.95/766,30.01s,21x9,851x354,animation/adventure/comedy,cartoon/animation,3,0,2,2,2,outdoor,3,medium,3,,,
37,SIMPS_22b,the Simpsons MOVIE,22,00:47.60/1141-01:17.63/1861,30.03s,21x9,851x354,animation/adventure/comedy,cartoon/animation,6,2,4,1,2,outdoor,3,medium,3,,,
38,SIMPS_3a,the Simpsons MOVIE,3,00:06.04/145-00:36.07/865,30.03s,21x9,851x354,animation/adventure/comedy,cartoon/animation,4,3,4,0,3,indoor,3,medium,3,,,
39,SIMPS_6a,the Simpsons MOVIE,6,00:00.00/0-00:30.02/719,30.02s,21x9,851x354,animation/adventure/comedy,cartoon/animation,3,2,3,2,3,in/outdoor,3,medium,2,,,
40,SIMPS_9a,the Simpsons MOVIE,9,01:36.36/2310-02:06.38/3029,30.01s,21x9,851x354,animation/adventure/comedy,cartoon/animation,8,1,3,3,0,outdoor,4,high,2,,,
41,DEEPB_11a,Deep Blue,11,04:13.44/6076-04:43.47/6796,30.03s,16x9 (may be 1.77:1 to 1.85:1),853x466,documentary,doc/nature,6,0,0,5,0,outdoor,4,high,0,,,
42,DEEPB_13a,Deep Blue,13,03:25.93/4937-03:55.93/5657,29.99s,16x9 (may be 1.77:1 to 1.85:1),853x466,documentary,doc/nature,3,0,0,5,1,"outdoor, underwater",2,low,2,,,
43,DEEPB_3a,Deep Blue,3,00:19.02/456-00:49.03/1176,30.01s,16x9 (may be 1.77:1 to 1.85:1),853x466,documentary,doc/nature,2,0,0,5,0,outdoor,4,high,2,,,
44,DEEPB_5a,Deep Blue,5,01:03.39/1520-01:33.40/2239,30.01s,16x9 (may be 1.77:1 to 1.85:1),853x466,documentary,doc/nature,3,0,0,5,0,"outdoor, underwater",3,medium,3,,,
45,DEEPB_5b,Deep Blue,5,02:58.77/4286-03:28.78/5005,30.01s,16x9 (may be 1.77:1 to 1.85:1),853x466,documentary,doc/nature,2,0,0,5,0,"outdoor, underwater",3,medium,4,,,
46,DEEPB_7a,Deep Blue,7,03:12.55/4616-03:42.56/5335,30.01s,16x9 (may be 1.77:1 to 1.85:1),853x466,documentary,doc/nature,3,0,0,5,0,"outdoor, underwater",5,high,0,,,
47,DEEPB_9a,Deep Blue,9,02:14.74/3231-02:44.76/3950,30.01s,16x9 (may be 1.77:1 to 1.85:1),853x466,documentary,doc/nature,2,0,0,5,0,outdoor,4,high,2,,,
48,DEEPB_9b,Deep Blue,9,06:50.02/9830-07:20.05/10550,30.03s,16x9 (may be 1.77:1 to 1.85:1),853x466,documentary,doc/nature,5,0,0,5,0,outdoor,4,high,2,,,
49,DEEPB_9c,Deep Blue,9,07:59.61/11499-08:29.62/12218,30.00s,16x9 (may be 1.77:1 to 1.85:1),853x466,documentary,doc/nature,2,0,0,5,0,"outdoor, underwater",2,low,5,,,
50,FOODI_10a,"Food, Inc",10,00:04.78/115-00:34.81/834,30.03s,16x9 (may be 1.77:1 to 1.85:1),850x480,documentary,doc/nature,4,0,1,3,4,out/indoor,4,high,4,describe the tractors at the beginning of this clip,"many in a row, large, red, driving towards camera, harvesting wheat, arms/chutes on side",
51,FOODI_2a,"Food, Inc",2,00:21.97/527-00:52.00/1246,30.03s,16x9 (may be 1.77:1 to 1.85:1),850x480,documentary,doc/nature,8,1,2,0,4,indoor,3,medium,4,describe the food,"hamburger, hamburger bun, sesame seeds, fries, onions, lettuce, pickles, on the side",
52,FOODI_2b,"Food, Inc",2,06:12.12/8920-06:42.15/9640,30.03s,16x9 (may be 1.77:1 to 1.85:1),850x480,documentary,doc/nature,4,1,1,3,3,outdoor,4,high,4,,,
53,FOODI_4a,"Food, Inc",4,02:47.66/4019-03:17.69/4739,30.03s,16x9 (may be 1.77:1 to 1.85:1),850x480,documentary,doc/nature,4,2,3,0,3,outdoor,3,medium,4,describe the two women,"food safety advocates, mother-daughter, (from captions), older has short blond hair, black pantsuit, white shirt, younger has shoulder-length brown hair, black skirt, grey jacket, white shirt, sunglasses",
54,FOODI_6a,"Food, Inc",6,00:22.22/533-00:52.22/1252,29.99s,16x9 (may be 1.77:1 to 1.85:1),850x480,documentary,doc/nature,3,0,3,4,4,outdoor,5,high,2,describe what you saw in this clip,"baling hay, one man drives tractor, pulling machine which makes bales, two men on back platform stack bales",
55,FOODI_8a,"Food, Inc",8,00:52.65/1262-01:22.65/1981,29.99s,16x9 (may be 1.77:1 to 1.85:1),850x480,documentary,doc/nature,6,0,1,4,4,in/outdoor,3,medium,5,,,
56,MICRO_11a,Microcosmos,11,00:24.75/593-00:54.78/1313,30.02s,non-standard (1.66:1),794x480,documentary,doc/nature,5,0,0,5,0,outdoor,5,high,0,,,
57,MICRO_12a,Microcosmos,12,00:03.16/76-00:33:19/796,30.03s,non-standard (1.66:1),794x480,documentary,doc/nature,5,0,0,5,0,outdoor,2,low,0 (audio is unrelated to visuals),,,
58,MICRO_2a,Microcosmos,2,00:00.00/0-00:30.01/719,30.01s,non-standard (1.66:1),794x480,documentary,doc/nature,3,0,0,5,0,outdoor,4,high,0,,,
59,MICRO_2b,Microcosmos,2,03:54.47/5619-04:24.50/6338,30.03s,non-standard (1.66:1),794x480,documentary,doc/nature,4,0,0,5,0,outdoor,4,high,0,,,
60,MICRO_3a,Microcosmos,3,00:21.03/504-00:51.06/1223,30.03s,non-standard (1.66:1),794x480,documentary,doc/nature,4,0,0,5,0,outdoor,4,high,0,,,
61,MICRO_5a,Microcosmos,5,06:34.85/9465-07:04.88/10185,30.02s,non-standard (1.66:1),794x480,documentary,doc/nature,2,0,0,5,0,outdoor,3,medium,0,,,
62,MARCH_10a,The March of the Penguins,10,00:1.71/41-00:31.74/761,30.03s,16x9 (may be 1.77:1 to 1.85:1),853x480,documentary/family,doc/nature,4,0,0,5,0,outdoor,2,low,1,,,
63,MARCH_12a,The March of the Penguins,12,00:00.00/0-30.04/720,30.4s,16x9 (may be 1.77:1 to 1.85:1),853x480,documentary/family,doc/nature,8,0,0,5,0,outdoor,3,medium,3,,,
64,MARCH_14a,The March of the Penguins,14,00:19.70/472-00:49.73/1192,30.03s,16x9 (may be 1.77:1 to 1.85:1),853x480,documentary/family,doc/nature,2,0,0,5,0,outdoor,3,medium,0,,,
65,MARCH_16a,The March of the Penguins,16,00:00.00/0-00:30.00/719,30.00s,16x9 (may be 1.77:1 to 1.85:1),853x480,documentary/family,doc/nature,6,0,0,5,0,outdoor,4,high,2,,,
66,MARCH_16b,The March of the Penguins,16,01:39.73/2391-02:09.76/3111,30.03s,16x9 (may be 1.77:1 to 1.85:1),853x480,documentary/family,doc/nature,3,0,0,5,0,outdoor,2,low,0,,,
67,MARCH_18a,The March of the Penguins,18,00:00.00/0-00:30.02/720,30.02s,16x9 (may be 1.77:1 to 1.85:1),853x480,documentary/family,doc/nature,6,0,0,5,0,outdoor,4,high,5,,,
68,MARCH_3a,The March of the Penguins,3,00:28.06/673-00:58.06/1392,29.99s,16x9 (may be 1.77:1 to 1.85:1),853x480,documentary/family,doc/nature,3,0,0,5,0,outdoor,4,high,3,,,
69,MARCH_3b,The March of the Penguins,3,02:25.93/3499-02:55.96/4219,30.02s,16x9 (may be 1.77:1 to 1.85:1),853x480,documentary/family,doc/nature,3,0,0,5,0,outdoor,3,medium,4,,,
70,MARCH_6a,The March of the Penguins,6,00:00.00/0-00:30.01/720,30.02s,16x9 (may be 1.77:1 to 1.85:1),853x480,documentary/family,doc/nature,3,0,0,5,0,outdoor,4,high,3,,,
71,MARCH_6b,The March of the Penguins,6,00:42.03/1008-01:12.07/1728,30.03s,16x9 (may be 1.77:1 to 1.85:1),853x480,documentary/family,doc/nature,2,0,0,5,0,outdoor,4,high,1,,,
72,MARCH_8a,The March of the Penguins,8,00:43.85/105101:13.85/1770,29.99s,16x9 (may be 1.77:1 to 1.85:1),853x480,documentary/family,doc/nature,2,0,0,5,0,outdoor,5,high,2,,,
73,WINGE_12a,Winged Migration,12,00:06.03/145-00:36.02/864,29.99s,16x9 (may be 1.77:1 to 1.85:1),851x460,documentary,doc/nature,6,0,0,5,0,outdoor,3,medium,0,,,
74,WINGE_15a,Winged Migration,15,00:00.00/0-00:30.03/720,30.03s,16x9 (may be 1.77:1 to 1.85:1),851x460,documentary,doc/nature,5,0,0,5,0,outdoor,3,medium,2,,,
75,WINGE_18a,Winged Migration,18,00:00.00/0-00:30.01/720,30.01s,16x9 (may be 1.77:1 to 1.85:1),851x460,documentary,doc/nature,2,0,0,4,4,outdoor,3,medium,1,,,
76,WINGE_18b,Winged Migration,18,07:28.93/10764-07:58.96/11484,30.03s,16x9 (may be 1.77:1 to 1.85:1),851x460,documentary,doc/nature,0,0,3,4,0,outdoor,3,medium,0,,,
77,WINGE_21a,Winged Migration,21,00:03.41/82-00:33.44/802,30.03s,16x9 (may be 1.77:1 to 1.85:1),851x460,documentary,doc/nature,4,0,0,5,0,outdoor,3,medium,0,,,
78,WINGE_3a,Winged Migration,3,00:00.00/00-00:30.04/721,30.04s,16x9 (may be 1.77:1 to 1.85:1),851x460,documentary,doc/nature,4,0,0,5,0,outdoor,4,high,0,,,
79,WINGE_6a,Winged Migration,6,00:00.00/00-00:30.04/721,30.04s,16x9 (may be 1.77:1 to 1.85:1),851x460,documentary,doc/nature,2,0,0,5,0,outdoor,3,medium,1,,,
80,WINGE_9a,Winged Migration,9,00:00.00/00-00:30.03/721,30.03s,16x9 (may be 1.77:1 to 1.85:1),851x460,documentary,doc/nature,5,0,0,5,0,outdoor,3,medium,0,,,
81,ADVEN_3a,Adventureland,3,01:37.41/2335-2:07.44/3055,30.03s,16x9 (may be 1.77:1 to 1.85:1),851x468,comedy/drama/romance,drama/other,8,1,2,0,4,outdoor (?),3,medium,5,tell me where this scene takes place and give reasons why you think so.,"carnival/game booth, horse-race game booth, people playing game, stuffed animal prizes in background, man's shirt says ""games games games""",
82,ADVEN_12a,Adventureland,12,00:03.00/72-00:33.04/792,30.04s,16x9 (may be 1.77:1 to 1.85:1),851x468,comedy/drama/romance,drama/other,7,1,4,0,4,outdoor,4,high,4,"what is the setting of this scene, and why do you think so?","amusement park; balloons, ""games games games"" shirt, stuffed banana prizes, rides in background,",
83,ADVEN_15a,Adventureland,15,01:21.96/1965-01:51.97/2684,30.01s,16x9 (may be 1.77:1 to 1.85:1),851x468,comedy/drama/romance,drama/other,6,1,5,0,2,indoor,2,low,4,decsribe the behavior of the two women,"on left: quiet, withdrawn, unhappy, doesn't want to dance. On right: excited, enthusiastic, drunk",
84,ADVEN_18a,Adventureland,18,00:08.15/196-00:38.17/915,30.01s,16x9 (may be 1.77:1 to 1.85:1),851x468,comedy/drama/romance,drama/other,6,4,2,0,2,indoor,3,medium,5,describe the woman,"wearing blue, blue eyeshadow, pink lipstick, curly light brown hair, long fake red nails, birthmark, makeup",
85,ADVEN_24a,Adventureland,24,00:00.00/00-00:30.01/719,30.01s,16x9 (may be 1.77:1 to 1.85:1),851x468,comedy/drama/romance,drama/other,6,2,5,0,2,outdoor,4,high,4,tell me about bobby and paulette,,
86,ADVEN_9a,Adventureland,9,00:14.48/347-00:44.51/1067,30.03s,16x9 (may be 1.77:1 to 1.85:1),851x468,comedy/drama/romance,drama/other,3,2,5,0,4,outdoor,4,high,3,"describe the person who yells ""Lisa P's back"" and Lisa P.","man who yells ""Lisa P's back"": shoulder length light brown hair, blue shirt, fanny pack, jeans, excited. Lisa P: pink ""rides"" shirt tied at waist and cutoff neckline, white jeans, necklace, earrings, sno-cone",
87,AMAZI_14a,Amazing Grace,14,1:46.40/2551-2:16.41/3270,30.01s,16x9 (may be 1.77:1 to 1.85:1),851x472,biography/drama/history,drama/other,6,4,3,0,3,indoor,2,low,5,what did you see on the desk?,"feather quill, ink bottle, rolled paper, papers, book, glass of water",
88,AMAZI_20a,Amazing Grace,20,00:00.00/1-00:30.04/720,30.04s,16x9 (may be 1.77:1 to 1.85:1),851x472,biography/drama/history,drama/other,5,1,3,4,0,outdoor,4,high,2,tell me as much as you can about what the man is carrying,"baby, sleeping, white gown, white hat, wakes up at end of clip",
89,AMAZI_2a,Amazing Grace,2,0:58.02/1391-1:28.02/2110,29.99s,16x9 (may be 1.77:1 to 1.85:1),851x472,biography/drama/history,drama/other,0,2,5,0,3,outdoor,3,medium,4,describe the dress and appearance of the two men,"man on left has curly blond wig in a ponytail, dark blue/black coat with buttons, hat, white shirt with bow; man on right has curly blond wig in a ponytail, curls above the ears, grey coat, brown collar, white shirt with  bow, hat with buckle, coat is partially unbuttoned, gloves",
90,AMAZI_2b,Amazing Grace,2,2:54.93/4193-3:24.97/4913,30.03s,16x9 (may be 1.77:1 to 1.85:1),851x472,biography/drama/history,drama/other,5,2,3,1,0,"outdoor, raining",3,medium,4,tell me about the woman,"young (20s),waiting, striped/patterned white skirt with purple jacket, red & hat with feather, reddish long curly hair in fancy up-do, blue eyes",
91,AMAZI_8a,Amazing Grace,8,0:14.56/349-0:44.56/1068,29.99s,16x9 (may be 1.77:1 to 1.85:1),851x472,biography/drama/history,drama/other,8,3,3,0,3,indoor,3,medium,3,tell me about the first man and his actions,"long/chin-length black hair, wearing gold double-buttoned jacket, long black coat, white shirt tied at the neck, reaches for & eats raisins, startled by 2nd man but acts cordial",
92,APPAL_10a,Appaloosa,10,0:56.50/1355-1:26.53/2075,30.03s,21x9,853x360,action/crime/drama (Western?),drama/other,6,3,3,3,2,outdoor,2,low,0,describe the men and their actions,"one man is in brown, with cowboy hat, coat, boots & has two guns, mustache&goatee, blue eyes; other man is in black (suit), jacket, hat, middle-aged, no facial hair, greying hair; both men creep/move stealthily to either side of small building (outhouse) and wait for man inside",
93,APPAL_18a,Appaloosa,18,00:08.44/202-00:38.47/922,30.03s,21x9,853x360,action/crime/drama (Western?),drama/other,4,1,4,4,3,outdoor,4,high,2,describe what the two men see,"man sitting, man standing, campfire, under tree, horses",
94,APPAL_2a,Appaloosa,2,00:07.32/176-00:37.35/896,30.03s,21x9,853x360,action/crime/drama (Western?),drama/other,3,0,2,5,0,outdoor,4,high,"? Lots of audio, but not directly related to visuals",describe what you saw in this scene,"landscape, hills, trees, brown grass, three horses, two men ride two of the horses",
95,APPAL_5a,Appaloosa,5,01:59.66/2869-02:29.69-3588,30.03s,21x9,853x360,action/crime/drama (Western?),drama/other,5,1,3,0,3,indoor,4,high,4,describe where characters are standing or sitting,"woman sitting alone at table next to kitchen, older man (city marshal) sitting alone at a separate table to the left of her, other man (deputy) is standing at outside door & walks in, server initially standing next to woman & walks into kitchen",
96,APPAL_7b,Appaloosa,7,02:18.95/3331-02:48.98/4051,30.03s,21x9,853x360,action/crime/drama (Western?),drama/other,3,2,4,0,4,indoor,2,low,3,describe how the characters are dressed,"woman: red/burgundy/maroon dress with lace trim, man in middle: black suit, black hat, man on right: cowboy hat, boots, vest, star pin","woman: dress, red/maroon, "
97,BATM_15a,Batman Forever,15,01:02.31/1494-01:32.34/2214,30.03s,16x9 (may be 1.77:1 to 1.85:1),849x480,action/crime/fantasy,drama/other,0,4,3,0,2,indoor,2,low,2,,,
98,BATM_18a,Batman Forever,8,00:00.00/0-00:30.01/719,30.01s,16x9 (may be 1.77:1 to 1.85:1),849x480,action/crime/fantasy,drama/other,3,3,2,0,3,indoor,2,low,3,,,
99,BATM_21a,Batman Forever,21,00:36.69/880-1:06.72/1600,30.03s,16x9 (may be 1.77:1 to 1.85:1),849x480,action/crime/fantasy,drama/other,6,2,5,0,3,indoor,2,low,3,,,
100,BATM_37a,Batman Forever,37,00:51.59/1237-01:21.60/1956,30.00s,16x9 (may be 1.77:1 to 1.85:1),849x480,action/crime/fantasy,drama/other,5,2,3,0,3,indoor,2,low,4,,,
101,BATM_6a,Batman Forever,6,00:55.77/1337-01:25.80/2057,30.02s,16x9 (may be 1.77:1 to 1.85:1),849x480,action/crime/fantasy,drama/other,5,2,3,0,4,outdoor,2,low,3,,,
102,BATM_9a,Batman Forever,9,00:17.53/421-00:47.56/1141,30.03s,16x9 (may be 1.77:1 to 1.85:1),849x480,action/crime/fantasy,drama/other,7,1,3,0,3,indoor,3,medium,2,,,
103,BLIND_5a,Blindness,5,00:10.56/253-00:40.57/973,30.01s,16x9 (may be 1.77:1 to 1.85:1),853x468,drama/mystery/thriller,drama/other,2,1,4,0,4,indoor,3,medium,3,describe how the characters move,"holding on to things, stumbling, hesitating, woman feels in front of her with foot, seem like they're blind",
104,BURY_15a,Bury My Heart at Wounded Knee,15,00:00.00/01-00:30.04/720,30.04s,16x9 (may be 1.77:1 to 1.85:1),853x480,drama/history/western,drama/other,0,0,2,4,1,outdoor,2,low,0,describe what happened in this scene,"crouching man stands, puts something in pocket, looks into distance, walks to & mounts horse, by river",
105,BURY_1b,Bury My Heart at Wounded Knee,1,08:33.51/12313-09:03.54/13033,30.02s,16x9 (may be 1.77:1 to 1.85:1),853x480,drama/history/western,drama/other,8,3,5,2,4,outdoor,3,medium,2,how does the man who arrives compare to the other people in the scene?,"western clothes, hat, shoes, short hair, but looks native american; others dressed in traditional clothes, leather, beads, long hair, feathers in hair, ",
106,BURY_3a,Bury My Heart at Wounded Knee,3,03:33.76/5126-04:03.77/5846,30.01s,16x9 (may be 1.77:1 to 1.85:1),853x480,drama/history/western,drama/other,6,4,4,4,2,outdoor,4,high,5,describe what the man on the left is wearing,"leather jacket with beaded sleeves and fringes, braids with fur woven in, earring, beaded necklace, feather in hair, pink and white striped shirt",
107,BURY_5b,Bury My Heart at Wounded Knee,5,06:59.41/10057-07:29.44/10778,30.02s,16x9 (may be 1.77:1 to 1.85:1),853x480,drama/history/western,drama/other,0,2,4,0,2,outdoor,1,low,4,where does this scene takes place and why do you think so,"around campfire, outdoor, native americans/indians",
108,BURY_7a,Bury My Heart at Wounded Knee,7,00:00.00/01-00:30.04/721,30.04s,16x9 (may be 1.77:1 to 1.85:1),853x480,drama/history/western,drama/other,3,4,4,3,2,outdoor,3,medium,4,tell me about the characters,"two couples; a younger man (the speaker) and woman on a horse, a middle-aged man and woman sitting on the ground, woman on ground looks concerned",
109,DREAMG_3a,Dreamgirls,3,00:03.03/73-00:33.06/793,30.03s,21x9,853x366,drama/music/musical,drama/other,2,3,3,0,4,indoor,2,low,1,"where does this scene take place, and why do you think so?","backstage/on stage behind curtain, piano & drumset & speakers, people setting up in background, lit sign, spotlight, women in performance clothes/same dresses",
110,DREAMG_9a,Dreamgirls,9,00:04.47/107-00:34.50/827,30.03s,21x9,853x366,drama/music/musical,drama/other,3,2,4,0,0,indoor,2,low,1,tell me about the women and their outfits,"african american, matching, white strapless dresses, blue edge on top, silver sequins, flare/ruffles on bottom, shorter in front, blue underneath, bobbed hair, gloves, ",
111,EASTE_11a,Eastern Promises,11,00:00.00/00-00:30.04/720,30.04s,16x9 (may be 1.77:1 to 1.85:1),841x460,crime/drama/mystery,drama/other,5,3,3,0,4,outdoor,3,medium,4,describe the man and his actions,"leans against motorcycle, wearing black jacket, slicked back hair, tattooed hands, fiddles with keys, takes piece of paper out of pocket",
112,EASTE_15a,Eastern Promises,17,00:00.00/00-00:30.02/719,30.02s,16x9 (may be 1.77:1 to 1.85:1),841x460,crime/drama/mystery,drama/other,1,2,3,0,1,outdoor,3,medium,3,describe the men,"waiting man:, bald, white mustache, black jacket and tie, man who gets out of car: brown hair, black jacket and gloves, sunglasses",
113,EASTE_19a,Eastern Promises,19,00:00.00/00-00:30.01/719,30.01s,16x9 (may be 1.77:1 to 1.85:1),841x460,crime/drama/mystery,drama/other,0,1,3,0,2,indoor,3,medium,1,what can you tell me about the baby,"cries, playpen with bear, toys, white lacey dress, white socks, chubby",
114,EASTE_2a,Eastern Promises,2,00:32.94/790-01:02.97/1510,30.03s,16x9 (may be 1.77:1 to 1.85:1),841x460,crime/drama/mystery,drama/other,2,3,3,0,2,indoor,3,medium,4,describe where the characters are sitting and standing,"man is sitting at table in dining room, mother is standing in kitchen, daughter walks from kitchen to dining room to talk to uncle",
115,EASTE_8b,Eastern Promises,8,03:41.27/5305-04:11.28/6024,30.01s,16x9 (may be 1.77:1 to 1.85:1),841x460,crime/drama/mystery,drama/other,5,3,3,0,2,indoor,3,medium,4,,,
116,FORGE_11a,Forgetting Sarah Marshall,11,00:14.31/343-00:44.32/1063,30.01s,16x9 (may be 1.77:1 to 1.85:1),853x460,comedy/drama/music,drama/other,6,4,3,2,0,outdoor,5,high,4,what can you tell me about the woman?,"dyed blond hair, blue eyes, wearing bathrobe, seems upset but trying to hide it",
117,FORGE_14a,Forgetting Sarah Marshall,14,00:34.23/821-01:04.26/1540,30.02s,16x9 (may be 1.77:1 to 1.85:1),853x460,comedy/drama/music,drama/other,6,3,3,2,0,outdoor,3,medium,4,"where does this scene take place, and what did you see that made you think so?","room with porch overlooking beach, trees, ocean, ",
118,FORGE_17a,Forgetting Sarah Marshall,17,00:11.71/281-00:41.74/1001,30.02s,16x9 (may be 1.77:1 to 1.85:1),853x460,comedy/drama/music,drama/other,3,4,3,0,0,indoor,3,medium,3,how does the man react?,"no eye contact, annoyed/unhappy, resists her attempts to kiss him",
119,FORGE_8a,Forgetting Sarah Marshall,8,01:06.19/1588-01:36.21/2307,30.01s,16x9 (may be 1.77:1 to 1.85:1),853x460,comedy/drama/music,drama/other,7,3,3,2,2,outdoor,4,high,3,how do the three characters react to the speaker,,
120,FREED_12a,Freedom Writers,12,04:54.32/7056-05:24.37/7777,30.04s,16x9 (may be 1.77:1 to 1.85:1),853x480,biography/crime/drama,drama/other,6,3,4,0,1,indoor,3,medium,3,tell me about the young man,"black/african american, mustache, stands, blue plaid shirt, white undershirt, jeans, earring",
121,FREED_14a,Freedom Writers,14,00:05.78/139-00:35.81/859,30.03s,16x9 (may be 1.77:1 to 1.85:1),853x480,biography/crime/drama,drama/other,1,2,3,0,3,indoor,2,low,3,"why does the woman turn around, and what does she see?","packed suitcases, bags, man is drinking wine",
122,FREED_16a,Freedom Writers,16,03:14.11/4653-03:44.12/5373,30.01s,16x9 (may be 1.77:1 to 1.85:1),853x480,biography/crime/drama,drama/other,3,2,4,0,3,indoor,3,medium,4,tell me about the people in the room,"2 women (younger with longer brown hair and older with short light brown hair) sitting across a desk from a third woman (blond, Karin Polacheck), three men (one african american) sitting in room also",
123,FREED_2a,Freedom Writers,2,01:09.94/1677-01:39.96/2397,30.02s,16x9 (may be 1.77:1 to 1.85:1),853x480,biography/crime/drama,drama/other,8,4,3,0,4,indoor,3,medium,0,tell me the things you saw in the room.,"classroom; cabinet with binders, projector, filebox; desks, (graffiti), broken windowshades, chalkboard, chalk",
124,FREED_8a,Freedom Writers,8,00:41.05/984-01:11.07/1704,30.01s,16x9 (may be 1.77:1 to 1.85:1),853x480,biography/crime/drama,drama/other,6,3,3,0,2,indoor,3,medium,4,,,
125,HESJU_12a,He's Just Not That Into You,12,00:00.00/00-00:30.01/720,30.01s,21x9,853x360,comedy/drama/romance,drama/other,6,4,4,0,2,indoor,4,high,2,describe the interactions in this scene,"man sneaks a glance at her, she smiles and shakes her head, he smiles, applauds end of class",
126,HESJU_16b,He's Just Not That Into You,16,02:10.43/3127-02:40.46/3846,30.03s,21x9,853x360,comedy/drama/romance,drama/other,2,2,4,0,4,indoor,3,medium,3,describe the guests in this scene and what they are doing,"all men, gay couples, looking around, inspecting house",
127,HESJU_30a,He's Just Not That Into You,30,00:00.00/00-00:29.99/718,29.99s,21x9,853x360,comedy/drama/romance,drama/other,5,3,4,1,2,outdoor,3,medium,3,what happens in this scene?,"a woman is looking at a real estate ad in the (gay) paper, realizes the man in the ad is sitting near her, calls him",
128,HESJU_4a,He's Just Not That Into You,4,01:22.98/1989-01:53.01/2709,30.03s,21x9,853x360,comedy/drama/romance,drama/other,5,3,2,0,3,indoor,3,medium,4,"where does this scene take place, and why do you think so?","""new colony spice"", office, carrels, desks, computers, folders",
129,HESJU_8b,He's Just Not That Into You,8,01:28.30/2117-01:58.33/2836,30.03s,21x9,853x360,comedy/drama/romance,drama/other,0,2,3,0,3,indoor,2,low,4,,,
130,loop_5a,In the Loop,5,02:17.17/3289-2:47.21/4009,30.04s,16x9 (may be 1.77:1 to 1.85:1),853x466,comedy,drama/other,6,2,3,0,3,indoor,4,high,5,tell me about the men and the office,"younger man: standing, suit, dark hair & eyes, checkered shirt, black tie, white lanyard, carries notebook & pen; older man: sitting behind desk, light/greying hair, beard, suit, red & black striped tie, holding notebook& pen, black lettered lanyard with id, glasses;office: wood-paneled, model canons & eagles, american flags, window to other office",
131,JULIE_10a,Julie and Julia,10,00:00.00/00-00:30.01/720,30.01s,16x9 (may be 1.77:1 to 1.85:1),853x462,biography/drama/romance,drama/other,6,2,3,0,4,indoor,3,medium,5,,,
132,JULIE_10b,Julie and Julia,10,03:10.75/4573-03:40.77/5293,30.01s,16x9 (may be 1.77:1 to 1.85:1),853x462,biography/drama/romance,drama/other,4,3,2,1,2,indoor,2,low,0,,,
133,JULIE_14a,Julie and Julia,14,00:00.00/00-00:30.04/720,30.04s,16x9 (may be 1.77:1 to 1.85:1),853x462,biography/drama/romance,drama/other,6,2,3,0,4,indoor,2,low,3,,,
134,JULIE_18a,Julie and Julia,18,00:47.58/1141-1:17.62/1861,30.04s,16x9 (may be 1.77:1 to 1.85:1),853x462,biography/drama/romance,drama/other,6,1,2,0,3,indoor,2,low,0 (audio is unrelated to visuals),"What ingredients are in the stew, and what pots/utensils were used?","meat, carrots, onions, pepper/spice, bay leaf, wine; paper towel, tongs, frying pan, red pot with orange handles, oven",
135,JULIE_22a,Julie and Julia,22,00:00.00/00-00:30.02/719,30.02s,16x9 (may be 1.77:1 to 1.85:1),853x462,biography/drama/romance,drama/other,2,4,3,0,4,indoor,3,medium,4,describe the woman's actions and how she seems to be feeling,"unbuttons sweater, takes book and wraps it, moves very slowly, seems sad and thoughtful",
136,JULIE_6a,Julie and Julia,6,1:39.91/2395-2:09.94/3115,30.03s,16x9 (may be 1.77:1 to 1.85:1),853x462,biography/drama/romance,drama/other,0,3,3,0,2,indoor,3,medium,4,tell me about the woman whose birthday it is,"wearing a black v-neck, pearls, curly short reddish-brown hair, wearing watch, pin/brooch, earrings, recieves a french cookbook, kisses man to her left, happy, 30s-middle-aged",
137,LARS_12a,Lars and the Real Girl,12,00:04.75/114-00:34.75/833,29.99s,16x9 (may be 1.77:1 to 1.85:1),851x472,comedy/drama,drama/other,6,3,3,0,2,indoor,2,low,4,tell me about the woman.,"blond hair tied back, eating, soda, chips, sandwich, container, sitting behind desk, white patterned collared shirt, black skirt",
138,LARS_16a,Lars and the Real Girl,16,00:00/00-00:30.04/719,30.04s,16x9 (may be 1.77:1 to 1.85:1),851x472,comedy/drama,drama/other,4,2,3,0,2,indoor,2,low,0,what does the woman see out the window?,"man, woman doll, dancing",
139,LARS_20a,Lars and the Real Girl,20,00:27.15/651-00:57.19/1371,30.03s,16x9 (may be 1.77:1 to 1.85:1),851x472,comedy/drama,drama/other,2,2,3,0,3,indoor,3,medium,3,what can you tell me about the object on the table?,"teddy bear, pink shirt, ""noose"" made from usb cable",
140,LARS_24a,Lars and the Real Girl,24,00:19.01/456-00:49.01/1175,29.99s,16x9 (may be 1.77:1 to 1.85:1),851x472,comedy/drama,drama/other,1,4,3,0,2,in/outdoor,2,low,0,a) How does the man look? B)how do you think the man is feeling?,"a) rumpled hair, unshaven, moustache, light brown hair & blue eyes, pink pajama shirt & brown sweater. B) sad, thoughtful, troubled, waiting for something, concerned",
141,LARS_4a,Lars and the Real Girl,4,0:59.30/1422-1:29.33/2142,30.03s,16x9 (may be 1.77:1 to 1.85:1),851x472,comedy/drama,drama/other,1,3,4,0,2,outdoor,1,low,4,"tell me as much as you can about both characters, their actions, and facial expressions","woman tackles man from behind, both fall down, woman pins man to ground, man repeatedly winces, woman looks sad/wistful/thoughtful until man agrees, then looks happy, woman has flashlight",
142,MARGO_2a,Margot at the Wedding,2,00:00.00/00-00:30.04/720,30.04s,16x9 (may be 1.77:1 to 1.85:1),851x480,comedy/drama,drama/other,8,2,4,0,3,indoor,2,low,4,,,
143,MARGO_4a,Margot at the Wedding,4,00:00.00/1-00:30.01/720,30.01s,16x9 (may be 1.77:1 to 1.85:1),851x480,comedy/drama,drama/other,6,0,4,1,4,indoor,2,low,4,,,
144,MARGO_4b,Margot at the Wedding,4,07:21.03/10575-07:51.03/11294,29.99s,16x9 (may be 1.77:1 to 1.85:1),851x480,comedy/drama,drama/other,0,5,4,0,2,indoor,2,low,3,,,
145,MARGO_6b,Margot at the Wedding,6,03:45.04/5395-04:25.05/6115,30.01s,16x9 (may be 1.77:1 to 1.85:1),851x480,comedy/drama,drama/other,5,3,4,1,2,outdoor,3,medium,3,,,
146,MARGO_8a,Margot at the Wedding,8,00:03.80/91-00:33.83/811,30.02s,16x9 (may be 1.77:1 to 1.85:1),851x480,comedy/drama,drama/other,0,3,3,0,2,indoor,2,low,4,,,
147,MISSP_12a,Miss Pettigrew Lives for a Day,12,00:00.00/01-00:30.03/720,30.03s,21x9,853x362,comedy/romance,drama/other,5,3,3,0,1,indoor,2,low,2,how does the first woman feel and why do you think so?,"anxious, nervous, worried, upset; pacing, wringing hands, facial expression",
148,MISSP_15a,Miss Pettigrew Lives for a Day,15,00:22.65/543-00:52.26/1263,30.01s,21x9,853x362,comedy/romance,drama/other,4,4,3,0,2,indoor,2,low,2,describe the woman.,"gold dress, blond hair, earrings, seems worried/nervous, smiles broadly before entering",
149,MISSP_3a,Miss Pettigrew Lives for a Day,3,02:18.55/3321-02:48.57/4041,30.02s,21x9,853x362,comedy/romance,drama/other,7,2,4,0,3,indoor,3,medium,2,describe the man's dress,"black pants, white shirt, collar up, partially untucked, suspenders, vest, jacket, handkerchief in pocket",
150,MISSP_6a,Miss Pettigrew Lives for a Day,6,01:06.14/1586-01:36.17/2306,30.02s,21x9,853x362,comedy/romance,drama/other,2,2,4,0,4,outdoor,3,medium,2,tell me about the woman in blue,"curly blond hair, fashionable, matching blue suit, gloves, hat, young, ditzy",
151,MISSP_9a,Miss Pettigrew Lives for a Day,9,00:03.90/94-00:33.93,30.03s,21x9,853x362,comedy/romance,drama/other,4,3,3,0,4,indoor,3,medium,3,describe the two womens' reactions to piano playing,"younger blond: appears nervous/anxious, scrunches up face; older brunette: worried/startled/scared, thinks it’s a burgler",
152,NANN_15a,Nanny McPhee Returns,15,01:27.91/2108-01:57.91/2827,29.99s,21x9,853x354,comedy/family/fantasy,drama/other,4,0,3,0,3,outdoor,3,medium,2,,,
153,NANN_3a,Nanny McPhee Returns,3,00:09.48/227-00:39.49/947,30.01s,21x9,853x354,comedy/family/fantasy,drama/other,6,2,3,1,3,outdoor,3,medium,2,,,
154,NANN_6a,Nanny McPhee Returns,6,01:56.89/2802-02:26.92/3522,30.02s,21x9,853x354,comedy/family/fantasy,drama/other,8,1,2,0,3,indoor,4,high,0,,,
155,OCTOB_11c,October Sky,11,11:14.91/16179-11:44.94/16899,30.03s,21x9,853x364,biography/drama/family,drama/other,3,1,3,0,3,indoor,1,low,3,,,
156,OCTOB_13a,October Sky,13,00:00.00/0-00.30.02/720,30.02s,21x9,853x364,biography/drama/family,drama/other,3,0,2,3,1,outdoor,3,medium,1,,,
157,OCTOB_3a,October Sky,3,00:02.54/61-00:32.57/781,30.03s,21x9,853x364,biography/drama/family,drama/other,8,3,4,0,2,indoor,2,low,3,,,
158,OCTOB_5b,October Sky,5,04:27.11/6402-04:57.13/7121,30.01s,21x9,853x364,biography/drama/family,drama/other,2,2,4,0,2,outdoor,2,low,4,,,
159,OCTOB_7a,October Sky,7,00:08.51/204-00:38.54/923,30.02s,21x9,853x364,biography/drama/family,drama/other,2,2,4,1,3,outdoor,2,low,3,,,
160,OFFIC_4a,Office Space,4,00:40.81/978-01:10.83/1698,30.02s,16x9 (may be 1.77:1 to 1.85:1),851x462,comedy/crime,drama/other,5,3,4,0,4,indoor,3,medium,4,tell me about the men,"3 men: one with brown hair & green shirt & striped tie, one with striped shirt & glasses & tie, one south-aisan with beard, dark shirt & tie. One man put sugar in his coffee, the other creamer.",
161,OFFIC_24a,Office Space,4,00:00.00/1-00:30.01/719,30.01s,16x9 (may be 1.77:1 to 1.85:1),851x462,comedy/crime,drama/other,3,4,2,0,3,car,4,high,5,describe the woman,"long blond hair, blue eyes, drinking pepsi, looks confused/concerned, wearing teal/blue/green tanktop, wears 2 rings & bracelet",
162,PAYIT_13a,Pay it Forward,13,1:38.58/2363-2:08.61/3083,30.03s,16x9 (may be 1.77:1 to 1.85:1),853x480,drama/romance,drama/other,0,4,3,0,3,indoor,3,medium,4,"tell me about the characters, their facial expressions, and body language","woman has dyed, crimped, blond hair, wears makeup, earrings; man has light brown hair, glasses, scarring on face; both characters seem nervous/awkward/anxious, both hold hands nervously, lack of eye contact",
163,PAYIT_27a,Pay it Forward,27,0:23.42/562-0:53.42/1281,29.99s,16x9 (may be 1.77:1 to 1.85:1),853x480,drama/romance,drama/other,1,3,4,0,2,outdoor,2,low,3,,,
164,PAYIT_3a,Pay it Forward,3,0:2.13/51-0:32.16/771,30.03s,16x9 (may be 1.77:1 to 1.85:1),853x480,drama/romance,drama/other,3,3,4,0,3,indoor,4,high,4,what can you tell me about the teacher,"light brown hair, glasses, scarring on face, grey suit (somewhat wrinkled), sneakers, walking to the left, striped tie, checkered shirt",
165,RECOUNT_2a,Recount,2,06:05.98/8774-06:36.01/9494,30.03s,16x9 (may be 1.77:1 to 1.85:1),853x480,drama/history,drama/other,2,4,2,0,2,indoor,2,low,4,"describe the woman's reaction when the caller says ""its Jeb""","opens eyes, startled, alert, concerned",
166,RECOUNT_4a,Recount,4,03:12.84/4623-03:42.88/5344,30.04s,16x9 (may be 1.77:1 to 1.85:1),853x480,drama/history,drama/other,6,3,4,0,4,indoor,2,low,4,tell me everything you can remember that was on the characters desks,"man: styrofoam cup with red straw, sticky note, stacks of papers, folders, name plate, binder, file shelves, paper bag, scissors, pen, cluttered. Woman: binder, telephone, coffee mug, keyboard, rolls/tape, yellow pad",
167,RECOUNT_4b,Recount,4,04:33.33/6553-05:03.35/7273,30.02s,16x9 (may be 1.77:1 to 1.85:1),853x480,drama/history,drama/other,7,5,3,0,2,indoor,3,medium,2,"tell me about the man who says, ""that's it?""","wears glasses, grey suit, blue tie, brown hair, initially looks surprised/worried, glances back and forth as men shake hands, puts something into suit pocket, gathers binders slowly & holds back till others leave, looks upset",
168,RECOUNT_8a,Recount,8,00:41.62/998-01:11.60/1717,29.97s,16x9 (may be 1.77:1 to 1.85:1),853x480,drama/history,drama/other,7,3,5,0,3,indoor,3,medium,4,,,
169,RECOUNT_8c,Recount,8,08:00.32/11516-08:30.32/12235,29.99s,16x9 (may be 1.77:1 to 1.85:1),853x480,drama/history,drama/other,4,3,3,0,2,indoor,2,low,4,,,
170,SHAKE_16a,Shakespeare in Love,16,00:00.00/00-00:30.04/719,30.04s,21x9,846x372,comedy/drama/romance,drama/other,8,2,3,0,3,indoor,3,medium,2,,,
171,SHAKE_20a,Shakespeare in Love,20,01:25.03/2038-01:55.06/2758,30.02s,21x9,846x372,comedy/drama/romance,drama/other,7,5,3,1,0,outdoor,4,high,3,describe the woman's emotions,"shock, grief, lip trembles, tear",
172,SHAKE_24a,Shakespeare in Love,24,00:05.25/126-00:35.28/846,30.03s,21x9,846x372,comedy/drama/romance,drama/other,0,5,3,0,2,indoor,2,low,0,tell me about the woman who is sitting in bed,"did not eat, close to tears, upset, reading letters",
173,SHAKE_28a,Shakespeare in Love,28,02:45.77/3974-03:15.80/4693,30.03s,21x9,846x372,comedy/drama/romance,drama/other,6,3,4,0,2,indoor,3,medium,2,"what time period does this scene take place in, and why do you think so?",,
174,SHAKE_8c,Shakespeare in Love,8,04:04.26/5855-4:34.29/6575,30.03s,21x9,846x372,comedy/drama/romance,drama/other,5,3,2,0,1,indoor,3,medium,2,"who is the character on the stage, and how does the person in the balcony react?",woman disguised as boy; he is impressed/stunned,
175,Spide_16a,Spiderman 3,16,00:02.80/67-00:32.84/786,30.04s,21x9,853x354,action/drama/fantasy,drama/other,6,2,3,0,2,indoor,3,medium,4,,,
176,Spide_30a,Spiderman 3,30,00:20.92/501-00:50.95/1221,30.02s,21x9,853x354,action/drama/fantasy,drama/other,6,2,3,0,3,indoor,3,medium,1,,,
177,Spide_40a,Spiderman 3,40,00:26.72/641-00:56.74/1360,30.01s,21x9,853x354,action/drama/fantasy,drama/other,1,1,2,0,2,indoor,2,low,2,describe where and how Peter is located at the start of the scene,"sitting, on floor, against glass doors, behind chair, lower right part of screen, looking down/eyes closed, sad/tired, looks up when hears knocks",
178,Spide_4a,Spiderman 3,4,00:20.47/491-00:50.50/1211,30.02s,21x9,853x354,action/drama/fantasy,drama/other,4,4,5,0,2,indoor,2,low,1,describe the reaction of the man in the audience/describe the singer's outfit,"says he's nervous, smiles, mouths along/white dress, halter top v-neck, flower in hair",
179,Spide_8a,Spiderman 3,8,00:22.97/551-00:53.00/1270,30.02s,21x9,853x354,action/drama/fantasy,drama/other,7,1,3,0,2,outdoor,1,low,0,describe the two characters,"young men, one has spider web and shoots iceballs, the other has flying skateboard and knives on arm",
180,STARD_16a,Stardust,16,01:51.98/2685-02:22.00/3404,30.02s,21x9,853x356,adventure/comedy/family (fantasy?),drama/other,8,3,3,0,3,indoor,3,medium,2,describe the man and what he is holding/carrying,"brown longish hair, white coat, black boots, sword, flower (protecting him), tube/bag",
181,STARD_2a,Stardust,2,03:26.40/494803:56.45/5669,30.04s,21x9,853x356,adventure/comedy/family (fantasy?),drama/other,7,3,3,2,2,outdoor,1,low,3,describe how the woman reacts,"rolls eyes, annoyed, exasperated, shuts window on him",
182,STARD_4a,Stardust,4,00:00.00/00-00:30.03/719,30.03s,21x9,853x356,adventure/comedy/family (fantasy?),drama/other,7,1,4,3,0,outdoor,1,low,3,describe the man by the wall,"old, grey hair, mustache and forked beard, grey cloak/dress, buttons, black cape, wooden staff",
183,STARD_4c,Stardust,4,01:51.82/2681-02:21.84/3400,30.01s,21x9,853x356,adventure/comedy/family (fantasy?),drama/other,5,4,2,0,2,outdoor,2,low,1,describe the woman's actions and how she feels,"awakes, sits up, in pain, reaches for necklace, confused, bewildered",
184,STARD_7a,Stardust,7,00:03.97/95-00:33.98/815,30.01s,21x9,853x356,adventure/comedy/family (fantasy?),drama/other,6,4,3,3,0,outdoor,1,low,2,describe what happens in this scene,"woman transforms two goats into two men; looks at them & thinks, transforms younger man into woman",
185,HURT_5a,2,5,02:03.59/2963-02:33.62/3683,30.03s,16x9 (may be 1.77:1 to 1.85:1),853x480,drama/thriller/war,drama/other,8,3,3,0,2,indoor,3,medium,4,,,
186,HURT_7a,The Hurt Locker,7,00:00.00/00-00:30.03/720,30.03s,16x9 (may be 1.77:1 to 1.85:1),853x480,drama/thriller/war,drama/other,6,2,4,0,4,outdoor,3,medium,3,,,
187,BOOKC_15a,The Jane Austen Book Club,15,00:06.59/158-00:36.60/877,30.00s,16x9 (may be 1.77:1 to 1.85:1),851x478,drama/romance,drama/other,6,3,3,2,3,outdoor,4,high,3,"what time of day is it, and why do you think so?","morning; light out, woman in bathrobe/just showered, man hands her paper, says ""I didn't want to wake you""",
188,BOOKC_11a,The Jane Austen Book Club,11,01:16.32/1829-01:46.35/2549,30.02s,16x9 (may be 1.77:1 to 1.85:1),851x478,drama/romance,drama/other,5,3,3,0,5,indoor,3,medium,1,"what things are ""wrong"" in the kitchen and living room?","smoke, stove left on, oven door open, trash can out, dirty bowl and baking ingredients left out/counters a mess, food in pan on stove, cigarettes (& other drug paraphanalia) in living room, cake on floor",
189,BOOKC_23a,The Jane Austen Book Club,23,00:03.42/82-00:33.46,30.04s,16x9 (may be 1.77:1 to 1.85:1),851x478,drama/romance,drama/other,7,4,4,0,2,indoor,3,medium,0,how do the woman and her friends react when the man asks her to dance?,"she seems surprised/startled, look at him, unsure, looks to friend, friends smile, seem pleased",
190,BOOKC_27a,The Jane Austen Book Club,27,01:04.26/1541-01:34.26/2260,29.99s,16x9 (may be 1.77:1 to 1.85:1),851x478,drama/romance,drama/other,7,2,5,3,0,outdoor,4,high,3,,,
191,BOOKC_3a,The Jane Austen Book Club,3,01:29.20/2139-01:59.20/2858,29.99s,16x9 (may be 1.77:1 to 1.85:1),851x478,drama/romance,drama/other,1,3,5,0,4,indoor,2,low,5,,,
192,SQUID_12c,The Squid and the Whale,12,01:14.10/1777-01:44.11/2496,30.01s,16x9 (may be 1.77:1 to 1.85:1),839x462,comedy/drama,drama/other,3,4,3,0,2,indoor,3,medium,3,,,
193,SQUID_2a,The Squid and the Whale,2,00:00.00/0-00:30.01/720,30.01s,16x9 (may be 1.77:1 to 1.85:1),839x462,comedy/drama,drama/other,1,2,3,0,3,indoor,2,low,,,,
194,SQUID_4a,The Squid and the Whale,4,01:02.44/1497-01:32.47/2217,30.02s,16x9 (may be 1.77:1 to 1.85:1),839x462,comedy/drama,drama/other,7,3,3,0,2,indoor,3,medium,4,,,
195,SQUID_6a,The Squid and the Whale,6,01:45.57/2531-02:15.62/3251,30.04s,16x9 (may be 1.77:1 to 1.85:1),839x462,comedy/drama,drama/other,2,2,3,0,1,indoor,4,high,3,,,
196,SQUID_8a,The Squid and the Whale,8,01:14.91/1796-01:44.94/2516,30.02s,16x9 (may be 1.77:1 to 1.85:1),839x462,comedy/drama,drama/other,1,2,3,0,1,car,2,low,4,,,
197,STEPF_16a,The Stepfather,16,00:49.66/1191-01:19.67/1910,30.01s,21x9,853x360,mystery/thriller,drama/other,8,2,4,0,0,indoor,3,medium,4,,,
198,STEPF_23a,The Stepfather,23,00:04.40/106-00:34.41/825,30.01s,21x9,853x360,mystery/thriller,drama/other,6,3,3,0,1,indoor,3,medium,3,,,
199,STEPF_4a,The Stepfather,4,00:11.36/272-00:41.37/992,30.01s,21x9,853x360,mystery/thriller,drama/other,3,1,2,0,5,indoor,2,low,1,name as many things from the basement that you can remember,"unicorn doll, bicycle helmets, freezer, padlocked cabinets",
200,STEPF_5a,The Stepfather,5,00:03.38/81-00:33.41/801,30.03s,21x9,853x360,mystery/thriller,drama/other,3,2,3,0,1,indoor,3,medium,4,,,
201,BIG_9-10a_POR,Big,9,00:00/00-00:30:00/922,30.00s,16x9 (may be 1.77:1 to 1.85:1),632x359,comedy/drama,drama/other,4,5,5,0,5,indoor,5,high,2,describe what the man sees when he enters the spinning doorway,,
202,BLUE_10a_POR,Blue Planet,10,00:00/00-00:30:00/922,30:00s,,480x240,documentary,doc/nature,4,0,0,5,0,outdoor,4,high,4,,,
203,NETW_7a_POR,Network,7,00:00/00-00:30:00/922,30:00s,,480x240,drama/history,drama/other,2,5,5,0,5,indoor,3,medium,3,,,
204,QUIZ_8a_POR,Quiz Show,8,00:00/00-00:29:00/893,29:00s,,480x256,drama/history,drama/other,4,5,5,0,5,indoor,3,medium,3,,,
205,SHAKE_11a_POR,Shakespeare in Love,11,00:00/00-00:30:00/910,30:00s,,480x192,drama/romance,drama/other,4,2,4,3,1,outdoor,2,low,3,,,
206,SUND_36a_POR,Any Given Sunday,36,00:00/00-00:30:00/916,30:00s,,480x176,drama/sports,drama/other,15,5,5,1,5,outdoor,5,high,4,,,
